column 1,column 2,column 3
1,2,3
11.432,2342.23123123,9999.87654321